genename	PIP_sum	PIP_0hr_GABA	PIP_0hr_nmglut	PIP_0hr_npglut	PIP_1hr_GABA	PIP_1hr_nmglut	PIP_1hr_npglut	PIP_6hr_GABA	PIP_6hr_nmglut	PIP_6hr_npglut	condition	snp	eqtl.gene	range	p2g.gene	overlap.gene	tss.gene	tss.dist	ABC.gene
cPeak_chr12_57096240_57096740	1.00128364564131	0.13975935568903	0	0	0.237988758188055	0	0.260900988926764	0.362634542837464	0	0	6hr_GABA	rs324015	STAT6	chr12:57096240-57096740		STAT6	NAB2	7196	
cPeak_chr18_29920961_29921461	0.955016809403755	0.174881743438062	0	0	0	0	0.32643934126698	0.453695724698713	0	0	6hr_GABA	rs10502536		chr18:29920961-29921461			DSC3	1121353	DSC1,SLC25A52,PCAT18
ASOC_rs146351281	0.935967528082685	0	0	0	0.370248012514503	0	0	0.565719515568182	0	0	6hr_GABA	rs146351281		chr15:88221646-88222146		NTRK3	NTRK3	34621	
cPeak_chr6_92378607_92379107	0.926186294474483	0	0	0	0	0	0	0	0.926186294474483	0	6hr_nmglut	rs634940		chr6:92378607-92379107			EPHA7	1040579	
cPeak_chr1_115314324_115314824	0.92560085424797	0.174233560075941	0	0	0.297271004151903	0	0	0.454096290020126	0	0	6hr_GABA	rs4454548	LINC01765	chr1:115314324-115314824		NGF-AS1,NGF	NGF	23945	NGF
ASOC_rs72723227	0.902640951915856	0	0	0	0	0.0903803353174252	0	0	0.812260616598431	0	6hr_nmglut	rs72723227		chr5:7245301-7245801			ADCY2	150336	LINC02123,TAS2R1
ASOC_rs2157591	0.891536256989942	0	0.0909102008230797	0.0163449773574949	0.247090398951567	0.0211397870224501	0.271086728000688	0	0.190641113159004	0.0543230516756583	1hr_npglut	rs2157591	TCF20	chr22:41951840-41952340	SNU13,NDUFA6-DT,TCF20,NDUFA6,SEPTIN3	SMIM45	SMIM45	0	PDGFB,FAM83F,L3MBTL2,PMM1,DESI1,XRCC6,SNU13,MEI1,SHISA8,TNFRSF13C,CENPM,SEPT3,WBP2NL,NAGA,FAM109B,NDUFA6-AS1,NDUFA6,OGFRP1,NFAM1,RRP7A,LINC01656,SMC1B,RIBC2,C22orf46,CCDC134,SREBF2,SMDT1,MCAT,CYP2D6,APOBEC3G,SYNGR1,SLC25A17,POLR3H,TCF20,SERHL2,POLDIP3,CYTH4,CYB5R3
cPeak_chr13_34165196_34165696	0.890347006220991	0	0	0	0	0	0	0.890347006220991	0	0	6hr_GABA	rs9539890		chr13:34165196-34165696			RFC3	347126	
cPeak_chr19_5977436_5977936	0.887786204938828	0	0	0	0	0	0	0.887786204938828	0	0	6hr_GABA	rs150292328		chr19:5977436-5977936	MICOS13,RPL36	RANBP3	RANBP3	205	RANBP3
cPeak_chr3_175410533_175411033	0.88289767140028	0.0654618350218952	0	0	0.323825369197609	0	0	0.493610467180776	0	0	6hr_GABA	rs2862015		chr3:175410533-175411033		NAALADL2	NAALADL2	971959	
cPeak_chr5_135670508_135671008	0.88055756934831	0	0.0950221824489962	0	0	0	0.284031415444751	0.302925117559719	0.198578853894844	0	6hr_GABA	rs17679727		chr5:135670508-135671008		SLC25A48	CXCL14	91228	
cPeak_chr7_157665058_157665558	0.87982843660989	0	0	0	0	0	0	0.87982843660989	0	0	6hr_GABA	rs17731604		chr7:157665058-157665558		PTPRN2	DNAJB6	329676	
cPeak_chr5_90929346_90929846	0.878869937986801	0.10371382369418	0.0652873167067348	0	0.176690454780149	0.0152105861877808	0.105393967847449	0.26939114792659	0.111340753381878	0.0318418874620395	6hr_GABA	rs7723305	ADGRV1	chr5:90929346-90929846		ADGRV1	LYSMD3	399761	MEF2C,LINC02060
cPeak_chr7_1986364_1986864	0.858232528152708	0	0	0	0	0	0	0	0.858232528152708	0	6hr_nmglut	rs58120505	MAD1L1	chr7:1986364-1986864		MAD1L1	MRM2	255340	
cPeak_chr11_64044962_64045462	0.840471878389686	0.220464692597806	0	0	0	0	0.412792620927583	0.158313557589584	0	0.0489010072747128	1hr_npglut	rs478294	GPR137,RCOR2	chr11:64044962-64045462		FLRT1,MACROD1	FLRT1	9030	
cPeak_chr2_65539480_65539980	0.801673523743285	0.17061450685076	0	0.0231109496953238	0.128756086463911	0	0	0.441720937244041	0	0.0374710434892497	6hr_GABA	rs6705904		chr2:65539480-65539980		LINC02934	SPRED2	106842	
ASOC_rs74716128	0.797994062668209	0.16152261883788	0	0	0.274609091291873	0	0.300934092116698	0	0	0.0609282604217581	1hr_npglut	rs74716128		chr10:86244297-86244797	GRID1	GRID1	GRID1	121997	
cPeak_chr2_50016402_50016902	0.792948144733943	0.0157100779858815	0	0	0.656420841751371	0	0	0.12081722499669	0	0	1hr_GABA	rs6746395		chr2:50016402-50016902		NRXN1	FSHR	861874	
ASOC_rs3194383	0.791100511611807	0.219829552481789	0	0	0	0	0	0.571270959130018	0	0	6hr_GABA	rs3194383		chr4:54100250-54100750		GSX2,PDGFRA	GSX2	726	GSX2
ASOC_rs7928017	0.770041216527018	0	0	0	0.166731157982694	0	0.182917275124381	0.255076546854711	0.128650470967345	0.0366657655978874	6hr_GABA	rs7928017		chr11:113577790-113578290	DRD2		DRD2	102098	PLET1,TMPRSS5,ANKK1,ZW10,HTR3B,UBE4A,APOC3,BCO2,DRD2,TMPRSS13,TEX12,ARHGAP20,PTS,TTC12,HSPB2,HSPB2-C11orf52,CRYAB,CLDN25,NNMT,APOA5
cPeak_chr2_50516287_50516787	0.748730178977026	0	0	0	0	0	0	0.748730178977026	0	0	6hr_GABA	rs7598402		chr2:50516287-50516787		NRXN1	NRXN1	566076	
ASOC_rs12741781	0.74367827410658	0.20600549990147	0	0	0	0	0	0.53767277420511	0	0	6hr_GABA	rs12741781	SDCCAG8,CEP170	chr1:243264600-243265100	CEP170,SDCCAG8		PLD5	739902	PLD5,CEP170,SDCCAG8,KMO,BECN2,MAP1LC3C,FH,OR6F1
cPeak_chr5_89432966_89433466	0.738998236830677	0	0	0	0	0	0	0.738998236830677	0	0	6hr_GABA	rs62378245		chr5:89432966-89433466		MEF2C-AS1	MEF2C	528708	
ASOC_rs76403597	0.736005928263763	0	0	0	0	0	0	0.736005928263763	0	0	6hr_GABA	rs76403597		chr17:13526896-13527396		HS3ST3A1	HS3ST3A1	74532	DHRS7C,CDRT7,CDRT8,TBC1D26,LINC00670,CDRT4
ASOC_rs2007044	0.732923971283406	0	0.236970258668543	0	0	0	0	0	0.495953712614863	0	6hr_nmglut	rs2007044		chr12:2235544-2236044			FKBP4	558925	
cPeak_chr1_175822509_175823009	0.701764116543406	0	0	0.0207350273291984	0	0.0268172304016975	0.34360349024446	0	0.241703611472778	0.0689047570952722	1hr_npglut	rs7516044	TNR	chr1:175822509-175823009			TNR	78892	
cPeak_chr11_113032951_113033451	0.699173785506241	0	0	0	0.699173785506241	0	0	0	0	0	1hr_GABA	rs12277922	NCAM1	chr11:113032951-113033451		NCAM1	NCAM1	71703	
cPeak_chr2_37004928_37005428	0.678347185525669	0	0	0.00269275319156692	0.112599579823725	0	0.123496237598642	0.419092846602616	0	0.0204657683091193	6hr_GABA	rs62133105		chr2:37004928-37005428		HEATR5B	STRN	38391	
ASOC_rs79520962	0.654241801826239	0	0	0	0.258764110171366	0	0	0.395477691654873	0	0	6hr_GABA	rs79520962		chr7:128031208-128031708		SND1,LRRC4	LRRC4	398	LRRC4
ASOC_rs709210	0.65392595109455	0.65392595109455	0	0	0	0	0	0	0	0	0hr_GABA	rs709210		chr3:50320188-50320688		HYAL2	HYAL2	7468	
ASOC_rs72986630	0.652486601681515	0	0	0	0	0.652486601681515	0	0	0	0	1hr_nmglut	rs72986630	ZNF823	chr19:11738671-11739171		ZNF823	ZNF823	0	ZNF823
ASOC_rs3736166	0.651165994384468	0	0	0.01540251470927	0.231516621173422	0	0	0.353104157734728	0	0.0511427007670484	6hr_GABA	rs3736166	ZNHIT3,DHRS11,GGNBP2	chr17:36544737-36545237			C17orf50	783849	GGNBP2
ASOC_rs78838815	0.638629578178004	0	0	0.0307132411133618	0	0	0.505942966950409	0	0	0.101973370114233	1hr_npglut	rs78838815		chr4:31170699-31171199		LINC02497	PCDH7	450283	
ASOC_rs61897848	0.631087238064105	0.233209326415899	0	0	0.397877911648206	0	0	0	0	0	1hr_GABA	rs61897848		chr11:47176837-47177337	ARHGAP1,C11orf49	ARFGAP2	ARFGAP2	0	ARFGAP2
cPeak_chr2_76019114_76019614	0.626664770762676	0	0	0	0.105050021507706	0	0	0.52161474925497	0	0	6hr_GABA	rs17012055		chr2:76019114-76019614			GCFC2	308128	
cPeak_chr5_156356081_156356581	0.615854168236515	0	0	0	0.244057745853557	0	0	0.371796422382958	0	0	6hr_GABA	rs10037772		chr5:156356081-156356581		SGCD	SGCD	485736	SGCD
ASOC_rs10822099	0.586298607369774	0	0	0	0	0	0.586298607369774	0	0	0	1hr_npglut	rs10822099		chr10:62962022-62962522			EGR2	142854	
ASOC_rs301807	0.581436024613071	0.0655530979100811	0	0	0.111763566966954	0	0.122558706895155	0.170566637177834	0.0863278871176082	0.0246661285454382	6hr_GABA	rs301807		chr1:8424513-8425013	RERE	RERE-AS1,RERE	SLC45A1	106398	
cPeak_chr17_32496237_32496737	0.580274163745853	0	0	0	0.18701040854626	0	0	0.393263755199593	0	0	6hr_GABA	rs8069868		chr17:32496237-32496737		MYO1D	CDK5R1	9243	
cPeak_chr22_41362794_41363294	0.579661541108369	0	0.579661541108369	0	0	0	0	0	0	0	0hr_nmglut	rs11090045	POLR3H,TEF,PHF5A	chr22:41362794-41363294	TOB2,XRCC6,SNU13,SREBF2		TEF	4038	TAB1,ZC3H7B,APOBEC3A
cPeak_chr13_109043532_109044032	0.578839527008372	0	0	0	0	0	0.470452808504275	0	0	0.108386718504097	1hr_npglut	rs2150597		chr13:109043532-109044032		MYO16	MYO16	447379	
ASOC_rs4719431	0.569038988897952	0	0	0	0	0	0	0.569038988897952	0	0	6hr_GABA	rs4719431	MAD1L1	chr7:2100427-2100927		MAD1L1	MRM2	141277	
ASOC_rs6701496	0.567284033440001	0.0596713560802316	0.0375321942246187	0	0.101816603090483	0	0.111671805702997	0.155544625036481	0.0786102119717731	0.0224372373334162	6hr_GABA	rs6701496		chr1:201038450-201038950		LOC101929305	KIF21B	14735	KIF21B,KIF14,GPR25,CACNA1S,C1orf106,CRB1
cPeak_chr13_114179012_114179512	0.55635290802638	0.144871530210742	0	0	0	0	0	0.1928409254583	0.190718553236329	0.0279218991210094	6hr_GABA	rs428637	RASA3,CDC16	chr13:114179012-114179512		CFAP97D2	CFAP97D2	24320	
ASOC_rs4292	0.551865834162528	0	0	0	0.218628796833607	0	0	0.333237037328921	0	0	6hr_GABA	rs4292		chr17:63476730-63477230	AC015923.1	ACE	ACE	0	METTL2A,CYB561,KCNH6,DCAF7,TACO1,ACE,LIMD2,TANC2
ASOC_rs7107939	0.549425446727721	0	0	0	0	0	0	0.549425446727721	0	0	6hr_GABA	rs7107939		chr11:132535824-132536324		OPCML	OPCML	996176	
cPeak_chr9_98306783_98307283	0.547460122850862	0	0	0.0262572734244584	0	0	0.433980924409865	0	0	0.0872219250165384	1hr_npglut	rs7869257	TBC1D2	chr9:98306783-98307283		GABBR2	TBC1D2	51133	
cPeak_chr10_102555979_102556479	0.544767589968057	0	0	0	0	0	0.453406202103773	0	0	0.0913613878642843	1hr_npglut	rs10883731		chr10:102555979-102556479	CNNM2	SUFU	SUFU	52006	FBXW4,PPRC1,ELOVL3,ACTR1A,SUFU
ASOC_rs10127957	0.532529314236902	0.196833972827335	0	0	0.335695341409567	0	0	0	0	0	1hr_GABA	rs10127957		chr1:65844756-65845256		PDE4B	PDE4B	52241	
cPeak_chr3_71533041_71533541	0.53133141115095	0	0	0	0	0	0.53133141115095	0	0	0	1hr_npglut	rs1432611		chr3:71533041-71533541		FOXP1,EIF4E3	GPR27	220313	
cPeak_chr8_129857300_129857800	0.524709939388683	0.0317775100082069	0.026250911284563	0	0.0870772204480366	0	0.0954395795478319	0	0.284164718100045	0	6hr_nmglut	rs423915		chr8:129857300-129857800		CYRIB	CYRIB	159328	GSDMC
ASOC_rs7626087	0.523931988543103	0	0	0	0	0.0524562505924603	0	0	0.471475737950643	0	6hr_nmglut	rs7626087		chr3:2517517-2518017		CNTN4	CNTN4	418703	IL5RA,CNTN4,CNTN6,CNTN4-AS2,SETMAR,CHL1-AS2,CHL1,CRBN
cPeak_chr3_37941713_37942213	0.523548971195521	0	0	0.0299374776432044	0	0	0.493611493552317	0	0	0	1hr_npglut	rs71323644		chr3:37941713-37942213		CTDSPL	VILL	45845	
ASOC_rs7824786	0.522655220554002	0	0	0	0.206722178068338	0	0	0.315933042485664	0	0	6hr_GABA	rs7824786	LY6H	chr8:143169382-143169882			GPIHBP1	43335	LY6H
ASOC_rs73396802	0.520190713743276	0	0	0	0	0	0.433400353271793	0	0	0.0867903604714831	1hr_npglut	rs73396802	HLA-DMA,HLA-DPA1	chr6:32947770-32948270			HLA-DRB5	417482	HLA-DMB,HLA-DMA,HLA-DRB1
cPeak_chr17_67481828_67482328	0.517150199037993	0	0	0	0	0	0	0.517150199037993	0	0	6hr_GABA	rs8077271		chr17:67481828-67482328		PITPNC1	PITPNC1	104546	
cPeak_chr14_29707667_29708167	0.514664097928086	0	0.103738110403767	0	0.0912604005348232	0	0.0935992752036203	0.160164538567803	0.0659017732180729	0	6hr_GABA	rs2225899		chr14:29707667-29708167		PRKD1	PRKD1	483730	PRKD1
ASOC_rs3768886	0.50657372602868	0	0	0	0	0	0.50657372602868	0	0	0	1hr_npglut	rs3768886		chr2:224585194-224585694		CUL3	CUL3	0	CUL3
